,label
HF5489_WAV_006cleanforms_0,epah
HF5489_WAV_006cleanforms_1,epah
HF5489_WAV_006cleanforms_2,epah
HF5489_WAV_006cleanforms_3,epah
HF5489_WAV_006cleanforms_4,epah
HF5489_WAV_006cleanforms_5,epah
HF5489_WAV_006cleanforms_6,epah
HG3015_WAV_006cleanforms_0,epah
HG3015_WAV_006cleanforms_1,epah
HG3015_WAV_006cleanforms_2,epah
HG3015_WAV_006cleanforms_3,epah
HG3015_WAV_006cleanforms_4,epah
HG3015_WAV_006cleanforms_5,epah
HG3015_WAV_006cleanforms_6,epah
HG6764_WAV_004cleanforms_0,control
HG6764_WAV_004cleanforms_1,control
HG6764_WAV_004cleanforms_2,control
HG6764_WAV_004cleanforms_3,control
HG6764_WAV_004cleanforms_4,control
HG6764_WAV_004cleanforms_5,control
HG6764_WAV_004cleanforms_6,control
HG6764_WAV_004cleanforms_7,control
HG6937_WAV_004cleanforms_0,control
HG6937_WAV_004cleanforms_1,control
HG6937_WAV_004cleanforms_2,control
HG6937_WAV_004cleanforms_3,control
HG7575_WAV_004cleanforms_0,epah
HG7575_WAV_004cleanforms_1,epah
HG7575_WAV_004cleanforms_2,epah
HG7575_WAV_004cleanforms_3,epah
HG7575_WAV_004cleanforms_4,epah
HG7575_WAV_004cleanforms_5,epah
HG7575_WAV_004cleanforms_6,epah
HG7602_WAV_004cleanforms_0,epah
HG7602_WAV_004cleanforms_1,epah
HG7602_WAV_004cleanforms_2,epah
HG7919_WAV_004cleanforms_0,epah
HG7919_WAV_004cleanforms_1,epah
HG7919_WAV_004cleanforms_2,epah
HG7919_WAV_004cleanforms_3,epah
HG7919_WAV_004cleanforms_4,epah
HH3542_WAV_004cleanforms_0,epah
HH3542_WAV_004cleanforms_1,epah
HH3542_WAV_004cleanforms_2,epah
HH3542_WAV_004cleanforms_3,epah
HH3542_WAV_004cleanforms_4,epah
HH3542_WAV_004cleanforms_5,epah
HH3542_WAV_004cleanforms_6,epah
HJ4270_WAV_006cleanforms_0,epah
HJ4270_WAV_006cleanforms_1,epah
HJ4270_WAV_006cleanforms_2,epah
HJ4270_WAV_006cleanforms_3,epah
HJ4270_WAV_006cleanforms_4,epah
HJ4270_WAV_006cleanforms_5,epah
HJ4561_WAV_008cleanforms_0,control
HJ4561_WAV_008cleanforms_1,control
HJ4561_WAV_008cleanforms_2,control
HJ4561_WAV_008cleanforms_3,control
HJ4561_WAV_008cleanforms_4,control
HJ4561_WAV_008cleanforms_5,control
HJ4998_WAV_004cleanforms_0,epah
HJ4998_WAV_004cleanforms_1,epah
HJ4998_WAV_004cleanforms_2,epah
HJ4998_WAV_004cleanforms_3,epah
HJ4998_WAV_004cleanforms_4,epah
HJ4998_WAV_004cleanforms_5,epah
HJ4998_WAV_004cleanforms_6,epah
HJ5007_WAV_010cleanforms_0,epah
HJ5007_WAV_010cleanforms_1,epah
HJ5007_WAV_010cleanforms_2,epah
HJ5007_WAV_010cleanforms_3,epah
HJ5007_WAV_010cleanforms_4,epah
HJ5007_WAV_010cleanforms_5,epah
HJ5007_WAV_010cleanforms_6,epah
HJ5111_WAV_004cleanforms_0,control
HJ5111_WAV_004cleanforms_1,control
HJ5111_WAV_004cleanforms_2,control
HJ5111_WAV_004cleanforms_3,control
HJ5111_WAV_004cleanforms_4,control
HJ5111_WAV_004cleanforms_5,control
HJ5879_WAV_004cleanforms_0,epah
HJ5879_WAV_004cleanforms_1,epah
HJ5879_WAV_004cleanforms_2,epah
HJ5879_WAV_004cleanforms_3,epah
HJ6108_WAV_004cleanforms_0,control
HJ6108_WAV_004cleanforms_1,control
HJ6108_WAV_004cleanforms_2,control
HJ6108_WAV_004cleanforms_3,control
HJ6108_WAV_004cleanforms_4,control
HJ6108_WAV_004cleanforms_5,control
HJ6338_WAV_004cleanforms_0,epah
HJ6338_WAV_004cleanforms_1,epah
HJ6338_WAV_004cleanforms_2,epah
HJ6338_WAV_004cleanforms_3,epah
HJ6338_WAV_004cleanforms_4,epah
